id,employee_id,cert_type,expiry_date,file_name,uploaded_at
1,1,Food Handler,2027-03-15,,2025-03-10 10:00:00
2,2,Food Handler,2026-05-25,,2024-05-20 09:00:00
3,4,Food Handler,2027-01-10,,2025-01-05 11:00:00
4,4,RBS,2026-12-01,,2025-12-01 11:00:00
5,5,Food Handler,2027-02-20,,2025-02-15 14:00:00
6,5,RBS,2026-04-01,,2024-04-01 14:00:00
7,6,Food Handler,2027-06-15,,2025-06-10 09:00:00
8,7,Food Handler,2027-08-20,,2025-08-15 10:00:00
9,8,Food Handler,2026-03-15,,2024-03-10 08:00:00
10,9,Food Handler,2027-04-10,,2025-04-05 09:00:00
11,10,Food Handler,2026-11-30,,2025-11-25 10:00:00
12,11,Food Handler,2027-01-25,,2025-01-20 11:00:00
13,11,RBS,2026-05-30,,2024-05-25 11:00:00
14,12,Food Handler,2027-03-01,,2025-02-25 08:00:00
15,12,RBS,2026-10-15,,2025-10-10 08:00:00
16,12,Food Service Manager,2027-05-20,,2025-05-15 08:00:00
